delta,theta,alpha,beta,abr,tbr,dbr,tar,dar,dtabr,label
162.50781332712282,89.69492231802423,60.61938482067252,94.7175064957473,0.6400019073917899,0.9469730109718568,1.715710425024958,1.4796409198701785,2.6807895495452825,0.6159207231398993,0
179.2066031314352,100.15596671145285,70.95426575913211,107.55604626045638,0.6596957421371751,0.9311979213973374,1.6661694936003013,1.4115566645626567,2.5256635554483284,0.6389915160072508,0
187.61454920520492,105.29079384311558,79.63079818328961,115.7262135187319,0.6880964628675098,0.9098266558775191,1.6211931895174025,1.3222370771766379,2.3560551129145346,0.6669629501084026,0
189.77538799671925,105.4787403839139,86.14921907553922,118.78192882930804,0.7252721009383282,0.888003262983622,1.597678955604688,1.2243725655995297,2.2028683490481358,0.6940839372130841,0
187.754801433958,101.96154287097508,90.09218676978901,118.45591232884689,0.7605545810130862,0.8607552030659171,1.5850184067869033,1.1317467865611435,2.0840297939900667,0.7198354638878581,0
190.1589151739341,97.19791820701371,92.06937254356934,118.12818804554384,0.7794022245399411,0.8228173124059048,1.6097674765028913,1.0557030587019307,2.0653873261050686,0.7314862086834563,0
192.93764912037062,93.54928564063877,93.24216168788024,118.04007891026853,0.7899195133439455,0.792521374979365,1.634509658935738,1.0032938313226436,2.0692103832407067,0.7374934594291457,0
195.6875796694258,91.34963526511858,92.59893274121306,118.92142108765019,0.7786564598228579,0.7681512248141568,1.6455200238920424,0.9865085110690649,2.1132811564504244,0.7369091630752413,0
200.93544155192373,92.22141308265392,89.87603168967672,120.62399035423219,0.745092509589021,0.764536248650294,1.6657999869001494,1.0260957381949765,2.2356955216459946,0.7180457107383652,0
212.07901423604648,96.3416818067642,87.09332311135883,121.27552705760411,0.7181442556831006,0.7944033239369334,1.7487371061707448,1.106189066681728,2.435077760953949,0.6755994420686997,0
224.78906008700457,100.42037093813904,85.16235159576338,119.76224629027203,0.7110951425322497,0.8384977240218642,1.8769609543075478,1.179163903491067,2.639535614915867,0.6301311657538974,0
231.1203947763413,103.44206417379063,84.67294847679248,118.06362558590503,0.7171806562486348,0.8761552396891664,1.9575918800509333,1.2216660224385887,2.7295659231671583,0.6059752630312785,0
230.34580298720624,104.44358679571233,85.58178472308435,118.32213061130003,0.7232948247376396,0.8827054267541878,1.946768552908459,1.2203950540837494,2.6915283869404285,0.6090513067531743,0
224.2632941224996,102.0121655712458,86.79813964764244,121.03638663617386,0.7171243463219951,0.8428222983712046,1.8528584697147144,1.1752805530782662,2.5837338799298895,0.6369909844856175,0
223.3405375509048,96.19757687329377,87.90292710551712,125.51039770923788,0.7003637046004456,0.7664510560802198,1.7794584482817424,1.0943614739679817,2.5407633727920205,0.6678806539223706,0
228.92864711886529,90.11211638323864,90.24197671657268,130.18308540376847,0.6931927941074931,0.692195273324119,1.7585129927504266,0.9985609764096602,2.536831034163541,0.6908993687851664,0
233.18355052156514,86.09288178180412,91.94978261432745,132.87330907887693,0.6920109332096467,0.6479320969623571,1.7549314616913885,0.9363032661307161,2.535988056650728,0.7041643821664312,0
234.01646133726683,84.20805040900957,91.47001755001007,131.91515968763116,0.6934003473642205,0.6383500623310485,1.7739921771796867,0.9206082240333002,2.558395281921984,0.7019735092428974,0
231.49643898379412,83.927643085035,88.7202106629318,127.78418943676218,0.6942972448625004,0.6567920761947557,1.8116203577623118,0.945981106874229,2.6092863988263235,0.6863914723304172,0
225.05140145672004,84.21681586874861,85.2515321940313,122.59879166127547,0.6953700851275125,0.6869302276765397,1.8356738953717247,0.9878627832409195,2.639851691398416,0.6720714002000685,0
216.41001355641993,85.5582456907712,82.84248284461393,117.94514234420936,0.7023814732687138,0.7254071171585794,1.834836172606856,1.0327822483453468,2.612307189806661,0.6649295713708062,0
210.26361381074855,86.90891210241493,81.67224704007856,115.19044018429838,0.7090193153998495,0.7544802499527343,1.825356457309637,1.0641180480777834,2.574480578544228,0.6624525151490687,0
217.58930927140318,87.60265833015399,81.50207940393818,114.78310709457924,0.7100529116778649,0.7632016639693414,1.8956562056828925,1.0748518193748198,2.6697393595688954,0.6431531866355579,0
231.08786441856194,88.04672955970345,81.6986872886155,115.73257606744642,0.7059264561864007,0.7607774107472709,1.9967400041617407,1.0777006642550122,2.828538279962834,0.61864575975586,0
240.73698140087077,89.53984223134968,80.66565481028172,116.77713173318513,0.6907658512677664,0.7667583618677346,2.0615079153589058,1.1100119678187605,2.984380179731538,0.5978099957850181,0
248.21923078540357,91.2492771904459,79.44813519837201,117.17984771156158,0.6780016935500185,0.7787113481752952,2.118275758442661,1.148538942576914,3.1242927246263403,0.5792230451135755,0
248.45786039352728,91.66420006478036,79.12201443752873,116.6394170418489,0.6783471355068643,0.785876699228463,2.130136335509834,1.158517015983641,3.140186232109885,0.5755622884784157,0
240.9444480943107,91.48831885276739,78.20612337141216,115.32463981111246,0.6781388912161715,0.793311117230576,2.089271195548046,1.1698357482607362,3.0808898038588457,0.5821651245749005,0
232.10506308095756,91.20869724876519,78.069043381291,113.0398408055274,0.6906329912088268,0.8068721310894246,2.053303166626612,1.168308119305367,2.9730742561728483,0.5910941866251569,0
231.90064860119037,91.55139944129527,78.27333536657369,110.99708673209295,0.7051836914918079,0.8248090300087553,2.089249866178156,1.1696371313747789,2.962703039485176,0.5851575936653394,0
242.58026655033103,92.70265996835967,77.52577810197232,110.70704679820591,0.7002786213174343,0.8373690984399196,2.191190837133434,1.1957656180686722,3.1290271763703794,0.5614148828114723,0
250.5014845789597,95.29783082254696,77.11418801847202,111.09122312689897,0.6941519397116085,0.857834022708425,2.2549169729890637,1.2358015207229984,3.248448709839936,0.544261954153513,0
251.95578254136026,96.5476218409774,76.85170922848182,111.83296928694685,0.6872008292231937,0.8633198461649577,2.25296515104485,1.256284639733115,3.2784668691270116,0.5414141616488363,0
251.08760564141917,96.79723631681685,75.33036398015791,112.29423730989436,0.6708301849209896,0.861996471374475,2.235979438094421,1.284969714766191,3.333152694012681,0.5393296248089384,0
253.62024242188636,96.2475108004078,74.73690552944049,112.51704141555817,0.6642274324776756,0.8554038534033057,2.2540607114365283,1.287817713599258,3.3935074060830606,0.5352135063045488,0
262.0220434190802,96.17538182807664,76.73963908444479,113.41059521795869,0.6766531728094923,0.8480281903400783,2.3103841657431734,1.253268623302289,3.414428925457279,0.5308531577835868,0
266.0229715217433,95.77461748226057,79.58181189312135,114.68553394263853,0.6939132526768829,0.835106348549273,2.319586109742473,1.203473698373269,3.342760929834232,0.5369503604779688,0
262.07772786471486,94.90862715356016,82.14071855188931,115.53661434316075,0.7109496761599685,0.8214593070181854,2.2683521527323403,1.1554394559332375,3.1905945368515023,0.55373918391063,0
251.907580790945,93.38817761842226,85.38205136619186,115.96638994810368,0.7362654938590512,0.8053038269123887,2.1722464664432217,1.093768258364902,2.9503575606370487,0.5831187798014762,0
243.8743484444789,91.84000268968303,89.14643833024554,116.83159651945138,0.7630336397517558,0.7860887416221564,2.087400632275671,1.0302150530059215,2.7356600332257734,0.6135514736079355,0
237.5294742294003,93.9541479256847,92.88846844251327,117.26067851280911,0.7921535984662283,0.8012417215837746,2.0256532474648226,1.0114726779442051,2.5571470626238426,0.6339653995243356,0
233.3890827912352,98.10528928481214,95.68367230865802,116.69693110771419,0.8199330642237678,0.8406843980692046,1.999959044131257,1.0253085706027507,2.439173551349124,0.6406763471919531,0
235.54887334545916,103.3988765944322,98.53794074399102,116.2213361229479,0.8478472544813112,0.8896720692063709,2.026726599462575,1.049330601124193,2.3904383587377054,0.6336058489989213,0
243.80079362205652,109.50632713990507,102.25553871917299,118.01856038661808,0.8664360790725895,0.9278737749483835,2.0657834905237555,1.070908515191975,2.3842306898564476,0.6234635142103443,0
256.70687577266017,117.98032378834941,104.24409361997843,121.2962282773689,0.8594174369676423,0.9726627568217786,2.1163632160568655,1.1317698652400046,2.4625555929191,0.6019429597851075,0
275.34725082544753,127.19076472391242,105.35089950528783,125.20231040601541,0.8414453308700778,1.0158819299056758,2.199218608127365,1.2073059207010226,2.6136203119141586,0.5727489106753257,0
303.90116838729915,135.18603080137163,104.95522333380276,129.01702554858133,0.8134990160215863,1.0478154354168348,2.3555121279157474,1.288035283117086,2.895531625146113,0.5328605555222503,0
338.639747482293,140.32643760465058,104.15805266231759,134.08697022556677,0.7767947361857644,1.0465329880195482,2.5255231504792666,1.347245210695246,3.251210432861774,0.49741512095397156,0
364.6348547610569,141.26903678182236,103.28042146957715,142.23040196771137,0.7261486998611133,0.9932407897848221,2.563691374814753,1.3678201034785218,3.530532210971522,0.48529143092483923,0
375.80296916752496,139.20347593075743,101.51550837960234,152.38700381226369,0.6661690684900299,0.9134865339451915,2.466109049761902,1.3712533006309389,3.7019266825938058,0.4930084169012914,0
370.75301977683927,134.06704518436197,99.02215034576447,164.1409597719773,0.6032750782213342,0.8167799516379479,2.258747726904272,1.35390965270122,3.74414228010852,0.521300812672665,0
357.4251735864639,127.24659835500056,97.36835646601246,173.7208924727637,0.5604873143354249,0.732477231401229,2.0574679792328476,1.3068578229459737,3.6708555690906346,0.5593254334843263,0
347.45943132124336,120.6110709521907,95.10870047331571,177.5114193052957,0.5357891951150566,0.6794552791263301,1.9573919958561088,1.26813919601425,3.653287549846491,0.582433882191863,0
338.59624742310075,116.31316318472726,92.90896947154201,175.2193091043942,0.5302438980408696,0.663814757512991,1.9324140082150874,1.2519045668712745,3.6443870742405844,0.5894102700968004,0
336.31777197327716,114.77890292909665,90.10543314450673,167.85904113910772,0.5367922545788569,0.683781476113505,2.0035725790579533,1.2738288793864383,3.7324915960828577,0.5718607310493765,0
333.2092063727772,112.87788396027426,87.31001775849603,155.7892170332571,0.5604368480769598,0.7245551785280342,2.13884640232607,1.2928400068878723,3.816391462597693,0.5449591347964221,0
328.3724323500107,113.0758418495026,84.58117995375748,141.5495996476037,0.597537401478545,0.7988425409256666,2.3198400643132424,1.3368912790212173,3.882334492490405,0.51224751079027,0
327.8416974326961,110.93093287657973,80.3502539476068,127.36914481893278,0.630845516485427,0.8709403916802495,2.5739491138042414,1.3805921876602079,4.0801575766825655,0.4734101090583642,0
322.82713049240914,105.38727906435649,74.38211256838211,114.20366507920409,0.651311081100555,0.9228011989918788,2.8267668140818216,1.4168363256350138,4.3401177964073385,0.4404003542122433,0
306.1667031280921,97.59696106348211,66.00447418078988,101.80628384399344,0.6483339896968859,0.9586536054398996,3.0073458294309,1.47864159626753,4.63857498946942,0.41561629464795513,0
258.55576047708576,157.26231839741658,80.92972419943342,91.49502978807072,0.8845259068923237,1.7188072265967032,2.8258995169024654,1.9431960253550147,3.194818257874353,0.41466391854391565,1
302.3620338342385,184.92481672946158,91.87644063090582,110.05259722570203,0.8348411845517872,1.6803312360743965,2.7474320593646464,2.0127555601806337,3.290963730831869,0.41439459657697225,1
339.6104881318601,209.22360933701967,101.71065399968464,126.10471866628636,0.806557082680179,1.6591259355702035,2.6930831115890173,2.057047134292032,3.338986377306286,0.415089685055307,1
370.06532330485993,228.76851300255797,108.16252502413695,138.48802349089965,0.78102439689483,1.6519010614487601,2.672182864456707,2.115044124122539,3.4213820657596354,0.41188478933647943,1
387.88810479255494,237.15863460127483,109.79344311975564,145.73707069878088,0.7533666114827027,1.6273047994181944,2.661561008003708,2.1600436953470656,3.532889522095336,0.4088182494421937,1
391.8489812797238,233.4550437557825,106.87037150211493,147.90375999554828,0.7225669685837033,1.578425347420574,2.6493510461905627,2.184469282500459,3.6665820074553515,0.40744041505761386,1
386.719529664319,218.97502092150827,99.13297546011624,146.58381946863642,0.6762886641886628,1.4938553362525864,2.6382143067779924,2.2089019310189837,3.9010180807082326,0.4056777375512056,1
374.82331158526745,198.0325683249375,87.5076337854128,142.4075932562585,0.614487133617554,1.3906039965761052,2.6320458271546188,2.263031917998779,4.283321298624225,0.4013491614639802,1
364.3496834603112,179.28801395987685,76.55059976291545,135.99675792605015,0.5628854755827396,1.3183256475670313,2.6791056567571316,2.3420850328429696,4.759592799909304,0.3909724412004557,1
361.31207974297496,175.54637911919846,70.24038456024412,130.42425051167817,0.5385531010121067,1.3459642545807082,2.7702829675116525,2.4992229216603303,5.143936526046252,0.3737756791561303,1
365.2128455967299,178.615612362568,70.77242148586241,125.33751019608287,0.5646547579822137,1.4250770745576067,2.9138351721314453,2.523802472948428,5.160383634318423,0.3606099107388434,1
370.4941927717145,180.68020988688454,75.81087184991183,121.28379871312369,0.6250700642154986,1.4897307950771976,3.0547706841542444,2.3833020974167134,4.88708523897744,0.3575903917387056,1
374.7268468440231,181.04081910178058,82.81986697360874,119.39531032225474,0.6936609716920472,1.5163143226743254,3.1385390752167233,2.185958825066343,4.52460092653171,0.36384840228467474,1
376.49312381821676,179.4677819390304,90.0400487541661,117.55885689855815,0.7659146331429701,1.5266206789837504,3.202592588520095,1.99319951979398,4.181396267855716,0.3734055821244552,1
380.42701901154084,177.51816074515597,97.12388556418925,116.75478858795132,0.8318621166533643,1.520435803037163,3.258341894259569,1.827749782805323,3.916925448376098,0.3833327751758814,1
379.63605152983666,179.07060946093597,102.50015545148503,116.86320113226859,0.8770952229476658,1.5323096383288315,3.2485508513510206,1.747027686662319,3.7037607392656544,0.3926270651485512,1
374.90937624477823,188.58943855762834,105.02664256674589,118.21674490528108,0.8884244161087035,1.5952853270383316,3.1713728587702805,1.7956342690644151,3.5696597271165564,0.39617365930096643,1
361.7553805387886,198.334674386884,104.77050538419208,119.0080242056394,0.8803650517141125,1.6665655590094701,3.0397562093266495,1.8930392065934332,3.452836074544418,0.3995402661086854,1
343.9326585425104,204.19524627650293,102.40261459749152,118.4603252737345,0.8644465086590188,1.7237437581287642,2.903357370898327,1.9940432876555179,3.358631612038307,0.4029405143023194,1
328.8722403231272,203.5003693208505,98.55247386399856,118.05730940533991,0.8347850239888737,1.7237422260924902,2.7856999450493305,2.0648935672754294,3.337026737420794,0.406876273018996,1
326.69128944397437,197.34511095283216,93.37170221869314,117.09276308149833,0.797416507745274,1.6853741064721222,2.7900211836028865,2.1135430356685023,3.4988254651158144,0.40162184371319487,1
327.20314827923164,186.17154953513958,86.6395190158855,117.92854634384985,0.7346780885712485,1.5786809496685423,2.7745881588770707,2.1488063605362897,3.7766039331224635,0.3984771088849107,1
319.22379369282675,171.3891486485394,80.20783659488215,119.3224044329841,0.6721942704392104,1.4363534615563158,2.6753047360197533,2.136813008860973,3.9799576605610074,0.40669583659094355,1
302.1917105921795,158.49654995581727,76.03660810076835,119.83885985873601,0.6344904164675714,1.3225805898241212,2.521650414134429,2.0844768581177107,3.9742923591712116,0.42518007236934374,1
282.895231205283,154.88317481783554,74.25416518135728,119.82633448486301,0.6196815207656827,1.2925637380437525,2.360876950976244,2.0858516749808063,3.80982306533706,0.4433304543942516,1
279.6793527913125,155.5473556982407,75.15710814235032,118.33107214344709,0.6351426280600329,1.3145098145453975,2.3635326522882396,2.0696293343755094,3.7212628280160747,0.44456871904138145,1
287.526877331009,153.40955406562125,73.19550866263961,115.58191661197296,0.6332782048282577,1.3272798943163553,2.48764586848203,2.0958875328360747,3.9282038281369065,0.428128437191446,1
290.18609818824666,148.6928873351329,68.13392452543052,112.46037020901329,0.605848303707343,1.3221803116847262,2.5803409472058565,2.1823619932480818,4.2590545049248805,0.41148995666556776,1
286.65454378978836,139.99947324087827,62.03560222055768,110.12282195657028,0.5633310254710235,1.2713029938162193,2.6030439349151244,2.256760122084936,4.620806980653366,0.40350826971061593,1
282.107491952384,128.6643467050722,57.42478821063582,108.58720938994591,0.5288356569181045,1.184894127291066,2.597980862914637,2.240571549574159,4.912643141453224,0.4041464919872942,1
286.62681860075924,122.66043949880668,56.27701151604188,108.15274632999592,0.520347503190805,1.1341407746091334,2.6502037934959395,2.179583389282177,5.093142135293657,0.40174658407283603,1
302.5317496601689,124.05409691280634,60.015417780964995,110.8677711862945,0.5413242923420842,1.1189374115256132,2.728761897376069,2.06703712978488,5.040900502672539,0.4005833534798882,1
328.8506896150164,135.82017802165177,69.45212232114469,117.10775154662751,0.5930617009027938,1.159788111614232,2.8081035223708612,1.955594350214714,4.734926430245284,0.40148820780743594,1
355.3715074224105,159.1526334881833,83.17899672487293,126.67995485215178,0.6566074073988356,1.2563363609809493,2.8052702405614585,1.9133752480160904,4.272370687492845,0.4078699809995714,1
376.82622570592116,183.98386322372727,97.0710885773287,139.03176013566218,0.6981936248423398,1.3233225490650657,2.7103607502215876,1.8953518078368121,3.881961469977069,0.4210032119137021,1
387.7083079383442,201.34757453306125,107.66163883849346,150.15205857199382,0.7170174013090379,1.3409578026965283,2.58210451208998,1.8701886456986685,3.601174124053205,0.4376727320484782,1
383.76948930534996,206.6001031514783,111.61340132325842,156.41389736517647,0.7135772664923552,1.3208551582161083,2.4535510959705253,1.8510331259694905,3.438381813971103,0.4539991593622512,1
367.133840896635,199.06111738248723,107.78248384764275,156.34392813207378,0.6893934746003819,1.2732257642543525,2.348244957658307,1.8468781779409769,3.4062477295995657,0.46649375469978627,1
346.11515330150405,179.42798182531752,97.24956549010012,150.12489057161895,0.6477910832761341,1.195191424567395,2.3055147749558924,1.8450260514899992,3.559040614291877,0.4707024781172793,1
313.88443995485693,151.30416085694566,83.05035578862143,139.89493583144892,0.5936623459242575,1.0815556686000631,2.2437155290098394,1.8218363957650323,3.7794472639437102,0.4792578563425836,1
278.43310789753957,123.38217641876946,68.48295668280251,129.5754261279441,0.5285180896505927,0.9522035165598501,2.1488110532826794,1.801647919353828,4.065728487559006,0.4929090319392505,1
255.03007295961996,105.45064704118711,60.079234382375766,122.24857210978385,0.49145142021309124,0.8625920550342987,2.0861599326542097,1.7551929235656345,4.244895521412187,0.5057907299223975,1
241.53414412799364,102.13642908868502,61.516833607599246,118.30527720795938,0.5199838507581004,0.863329443107999,2.041617667683751,1.6603004917351272,3.9263097588650377,0.523239767468202,1
235.57152452929458,103.7468818531646,66.26506349075032,117.22862954426891,0.5652634834029747,0.8849961161917941,2.0095050624159687,1.5656346857291732,3.554988286733885,0.5407714099311084,1
235.51932224884982,104.66724833988246,71.2315142137899,117.39438198046159,0.6067710652937824,0.8915865186572782,2.0062231111540605,1.4693952458421788,3.3063921895858703,0.5544777851395266,1
232.9224038152304,103.9627190966045,74.73464219270075,119.76118927949705,0.6240305615059153,0.8680835563011796,1.9448905377153465,1.3910914141870132,3.116659115255384,0.577335768914612,1
229.77005525473285,101.56680375915592,75.75326577322643,123.46777014120696,0.6135468850420587,0.8226179483358008,1.860971936173713,1.3407580877530008,3.033137289982563,0.6012643341502871,1
228.3887997826389,97.96416141371839,73.56159279791274,126.48819089388428,0.5815688585476437,0.7744925492365071,1.805613616327574,1.3317297476530179,3.1047288550434877,0.6129859614524311,1
224.76485449243512,93.5096628076987,68.54539456114537,128.96934358237075,0.5314859536163062,0.7250534135499845,1.7427773783223237,1.3642005185962442,3.2790657334671174,0.6205798058198267,1
216.68269260105478,91.18068800024723,63.12326288314897,129.93774524512776,0.4857962000500073,0.7017259521337292,1.667588522428818,1.4444862929382618,3.432691573662286,0.6270996172107266,1
206.61009790993518,97.00199241768374,59.53980898331172,129.43444675497287,0.45999971781873594,0.7494294977079348,1.5962527989250066,1.6291955596443415,3.470116908971701,0.6224200608558375,1
198.59444715464858,108.6156578674209,58.57051484063307,127.97124053878818,0.4576849813601697,0.848750527150664,1.551867797159116,1.8544426007344774,3.3906897983569446,0.6072123030133414,1
204.9819917949357,125.20277283066098,62.12631011978342,125.06271586911193,0.49676124245377445,1.0011198938114827,1.6390335870321708,2.015293884173423,3.299439342200069,0.5669220571129405,1
215.53755606011805,141.7991651417468,68.35079368103848,122.09367461433334,0.5598225616269097,1.161396489946418,1.7653458030561622,2.074579642826942,3.153402388653043,0.5329552128167284,1
226.3861061085699,151.9229386471835,74.40249558974999,121.23876586875346,0.6136856891985696,1.2530887918444096,1.8672749139796034,2.04190649040693,3.0427219451998844,0.5171466666487309,1
241.4782087566337,153.40475010056159,77.60704660640963,122.38862930256244,0.6341034052645018,1.2534232221959345,1.973044474251481,1.9766858398640796,3.111550037219041,0.5064682367853157,1
261.52644947939336,147.28033462753703,77.65739101830933,124.0142414565724,0.6261973633528498,1.187608236745229,2.108842068521423,1.8965398231420454,3.3676955412747915,0.49331772444884636,1
274.59933710999456,136.67703964218893,74.70248290572843,123.72622646499423,0.6037724178621414,1.1046731444675464,2.219410911943449,1.8296184320228008,3.675906428124056,0.48247047627120776,1
276.63395488123064,126.41668557615468,68.69035235189591,119.49288670938068,0.5748488821678407,1.057943188564968,2.315066298080434,1.840384875717783,4.02726067649288,0.46689725848772906,1
265.68878647424464,114.6294065236708,60.36493824801897,110.29199377570394,0.5473193128667212,1.0393266328722615,2.4089580519739666,1.898940177039486,4.401375934199086,0.4487214526302145,1
239.05409889264558,90.96354609552198,54.38187036955273,122.95057949895781,0.4423067430114365,0.7398382867832927,1.9443104690260686,1.6726814557384286,4.395841799264171,0.5373423286953902,2
282.6357839129792,106.10112357698121,63.68690197226904,139.96187843611716,0.4550303460048064,0.7580715889391909,2.0193768979885673,1.6659802925125866,4.437895001330828,0.5238730269356934,2
314.5770501479295,118.34289966792599,73.67500738460579,151.71376241063166,0.48561848453270484,0.7800406356518707,2.073490533419695,1.606282834152161,4.26979326253396,0.5206245863492953,2
332.49592162224656,128.80353472648954,86.37269764868522,158.1434147811909,0.5461668939436493,0.8144729573767181,2.102496155671685,1.4912528869989534,3.8495488814607826,0.5300593986502019,2
335.5999403178695,138.2186617080946,99.36747023213158,161.45843732278885,0.6154368386055628,0.8560634179294506,2.0785531303448437,1.3909850113442865,3.377362224618148,0.5504762929097238,2
326.189333608812,144.16189828158383,109.0568906200291,162.86439335986006,0.6696177621775216,0.8851652304567778,2.0028277935992693,1.321896282407922,2.9910015933363217,0.5781238902830257,2
308.58438580764005,144.3770399955189,112.78036880674831,161.30044395058934,0.6991944104090375,0.8950814793773629,1.9131031400147152,1.2801610911816772,2.736153366694573,0.6050864315241791,2
291.7351014707874,139.6232091662721,109.62219502460023,159.26076113684593,0.6883189195008719,0.8766956039240568,1.8318077810774243,1.2736764588132847,2.6612776856485985,0.6233401548803856,2
285.7902708950983,131.74142663964767,100.27846531109036,155.89474228709972,0.6432446908723515,0.8450665154378928,1.833225846505969,1.3137559119094102,2.849966540757292,0.6135419397155397,2
288.62922584283285,122.92722489439674,86.86109345547095,151.14054224808513,0.5747041274530788,0.8133305800413335,1.909674409987699,1.4152161802731045,3.322882712624354,0.5782964530800545,2
293.0492477852683,118.25242539205476,72.65114305526077,146.12433903190043,0.49718714580053835,0.8092589241155715,2.0054786884017495,1.6276746713001913,4.033649512745666,0.5319100221428987,2
295.6143036781393,124.98883082702237,63.028321564869024,142.22171207783788,0.44316947563093356,0.8788308690772618,2.0785455283814174,1.9830582145263589,4.690182069562042,0.4879897861060474,2
298.51278962336033,138.58274406824074,61.03539457775312,141.95491158263317,0.4299632460566459,0.9762447985998043,2.1028704558038025,2.2705308129318293,4.890814447723185,0.4644071845026195,2
295.47222406319185,150.2912996761391,63.38857478813319,144.68078815159424,0.4381271044896137,1.0387785523995503,2.0422353778830726,2.370952497014884,4.661285177191055,0.46677072451850077,2
286.8123958042034,156.5740172872431,64.8232941684464,147.72716499526197,0.4388041574515118,1.0598864284186653,1.9415007105389335,2.4153974168665067,4.424526699598262,0.4793797303840043,2
274.27713453255177,157.75756030509626,63.49964484167658,149.28508888445657,0.4253582545730601,1.0567536348335311,1.837270798993437,2.484384923702055,4.319349111580165,0.49251769885308483,2
258.8407573275695,150.94420008285005,60.08185519725369,148.03922423665048,0.40585091895110764,1.0196230145164484,1.7484606438750008,2.512309241904861,4.308135234469274,0.5078787682912939,2
244.6888676210569,137.23069386316476,55.71889385310731,143.48706921483983,0.38831996609869224,0.9563976364845285,1.705302568098941,2.462911310209216,4.391488249320498,0.5215914112746409,2
238.29032223903707,123.86350113409729,53.652231203291635,137.69581561591912,0.3896431490187481,0.8995444093929121,1.73055601706671,2.3086365348865137,4.441387000964419,0.5283612500262382,2
243.16623693092208,122.76955262366495,56.191873344459076,131.9510514151547,0.42585392645083076,0.9304173881676607,1.8428518327288919,2.1848275438528497,4.327427125276649,0.5141419072144303,2
255.8695598167973,136.583733170321,62.337285148654054,127.87975456774414,0.48746797614184467,1.0680637731281064,2.0008605793910146,2.191043977045414,4.1045990245906925,0.4846870777120522,2
268.97601848491814,154.64971759961935,69.18467189804709,125.2262420577233,0.5524774261464803,1.2349625370721677,2.1479205481622063,2.235317641276329,3.8877978474956194,0.4589213954578395,2
280.3825548869065,167.37319440434072,74.67432583086129,124.93483658140319,0.5977061952788972,1.3396839423188918,2.244230372880978,2.241375366192713,3.75473834905424,0.44579921693518376,2
287.99884872167,170.98897857526845,76.81418167040887,125.31563740722173,0.6129656542446968,1.364466415469189,2.2981876378747375,2.226007943545385,3.7492926756338254,0.44038165514760885,2
288.01298723613394,165.15371447010307,75.24410731965764,124.62571794197609,0.6037606728547811,1.325197697532994,2.311023695528306,2.194905625878246,3.827714853637317,0.4410514376036356,2
284.0361946792577,151.03085267075073,70.81147020458384,123.1508219708621,0.5749979502478519,1.2263893188344708,2.3064092478932996,2.1328585924625254,4.011160817006609,0.4458216115352093,2
281.57263431902567,133.25132291887402,65.27459575047722,120.86730564547618,0.5400517154071294,1.1024596122769728,2.329601316214699,2.041396371541678,4.313663395103709,0.4487250510683544,2
279.31466393401644,118.2057839830148,60.13367527764394,119.02251747637035,0.5052294015675003,0.993137991779432,2.3467379942578432,1.9657169370946546,4.644895936334994,0.4506842193723001,2
286.25275828755946,111.58704752305758,55.85003495850746,118.42992974259755,0.47158716618252794,0.9422199925777826,2.417064325797691,1.997976323666739,5.1253818999437435,0.4380656790891035,2
295.1892778517224,114.3548127513207,53.473732886089294,118.28641937996731,0.45206992625516457,0.9667619778394233,2.4955466519237195,2.1385230949730283,5.520266903388621,0.4193935554365934,2
300.8766582570565,124.61654837146992,54.33788484795295,117.69467543291091,0.4616851582119956,1.0588121162924202,2.556416907989726,2.2933639894186006,5.537143359535668,0.4043132947855865,2
303.1353676249621,138.00100977190235,57.51640330897377,116.51137713487427,0.4936548234460609,1.1844423537467208,2.6017662401676946,2.399333091649896,5.270415919377674,0.39449882023056443,2
304.8911099582803,150.1245576007339,62.611494181436115,114.22799094868921,0.5481274218467255,1.3142536812029664,2.669145341926186,2.3977156201655516,4.869570898192659,0.3886448264052133,2
307.1296723052185,161.83185970152851,68.01117874137765,111.42716460573422,0.6103644383487946,1.4523555389221525,2.7563267304875234,2.3794891177657367,4.515870449373088,0.382629130750388,2
314.2030367703414,173.24597278045513,72.81026847546487,108.83488062681018,0.6689975498308115,1.5918239794327302,2.886970013296833,2.3794167554653978,4.3153670951813545,0.3726444110937228,2
333.7321692032178,182.88517840546274,79.29177327509187,109.54756846501387,0.7238113486783162,1.6694590392836575,3.0464589390662886,2.306483647060936,4.2089129227237745,0.3655303922994566,2
364.1724721124106,192.9110300526851,87.49649474807194,118.65279754509456,0.7374161971597718,1.6258447676243653,3.069227861854712,2.2047858100845357,4.162137845189912,0.3700509734931491,2
397.0164140049204,205.4288212478677,95.7847885225659,135.98912070101267,0.7043562604773326,1.510626880951205,2.9194718809735196,2.1446914945108513,4.144879579823757,0.3847219558908545,2
426.8460542403756,213.78446156689697,102.21695615543628,159.17405911205574,0.642170946231115,1.3430860704280743,2.681630767108122,2.0914774770029885,4.175883046167916,0.40802148636036717,2
444.6773207763499,214.80718431030863,106.33268807342414,181.906747749106,0.5845450451353403,1.1808642998036576,2.444534500664423,2.0201425187519138,4.181943754391822,0.43706779097812837,2
451.6054672284717,206.1170134355371,106.51365982121867,200.9322300694115,0.5300974352617487,1.0258036421749488,2.24755116226235,1.9351228169372918,4.239883109701457,0.46744014220138225,2
449.9755097931576,187.73858757619632,101.47332348455983,213.63153823801343,0.4749922428190602,0.8787962167226031,2.106315919009234,1.8501275126241687,4.434421721307135,0.49411619254210953,2
432.0526675521892,164.09491902326218,93.65292881099526,218.0560999519324,0.42949006623359687,0.7525353294837188,1.981383082827903,1.752160034999319,4.61333855798714,0.5228722480510727,2
400.2907655006418,140.778108476303,85.40376828219556,213.25300476915925,0.4004809609817357,0.6601459549359766,1.8770697554013176,1.6483828677340873,4.687038681688849,0.5519755199669473,2
371.7672467564077,122.71974131971025,77.43323068524437,202.5415371398086,0.38230790473262,0.6058991308780299,1.835511135179089,1.5848459406084894,4.801133098366919,0.5661923864050303,2
363.92565561513385,111.27041704501514,70.81290355914525,187.63718541426874,0.37739269752316557,0.5930083463965329,1.9395177710199194,1.5713296793723257,5.139256227661548,0.5438809448205446,2
371.93520597120215,106.60169984456921,64.82784444188009,173.01419818862564,0.37469667299329207,0.6161442295524706,2.149738055403444,1.6443813728858516,5.737275536049206,0.4970192261870621,2
381.65723681820197,105.86677809913874,59.58079751792836,159.94383939273922,0.3725107371696185,0.6618996924238186,2.386195293718375,1.7768607086416146,6.405708763857317,0.4502847658650986,2
384.01925417424445,106.9669320171792,56.00973972148568,150.87115300529737,0.37124220638466965,0.7089952577841265,2.545345790263569,1.9097916281897314,6.856294210325214,0.4213578681949418,2
374.7032549999051,110.6601842899091,54.7548346347783,146.28501594273106,0.37430241424189475,0.7564697148013527,2.5614602601991523,2.021012117523988,6.843290779695042,0.41420476761016795,2
362.8013266049876,113.02356090397922,56.56633983372573,145.44867907778035,0.3889092715890271,0.7770683214217337,2.4943597212799395,1.9980709594470318,6.413731693997281,0.4245574878798225,2
362.1854935182328,114.06965497746926,60.253490835326396,147.05124917265317,0.40974484184478194,0.7757136074617077,2.4629882136736567,1.8931625935038878,6.011029211703113,0.4352808377248448,2
360.3450691739412,114.24083350665173,63.592097193782244,148.51005241015417,0.42820062454866,0.7692464695328641,2.4264018719671743,1.7964627453397102,5.666507083040095,0.4469204593013079,2
352.8354095696115,115.5910276932053,65.65072641000633,150.58426257847879,0.4359733566168089,0.7676169190187697,2.3431094559813452,1.7606968576601643,5.374432681308964,0.46161995094047953,2
341.5078403593916,118.40241387024292,66.21059508961636,152.88451076005188,0.4330758868930294,0.7744565703982421,2.233763503324277,1.7882698941156574,5.1579032010988435,0.4763866511666718,2
328.6492863354524,120.59283771081856,65.70522578803846,154.05655752373357,0.4265006751037915,0.7827828925246517,2.1333028052689125,1.835361438370893,5.001874392695299,0.4891833858597308,2
316.9606625032136,121.67920079146033,64.0621656251838,153.68647213596677,0.41683672437030017,0.7917365731696312,2.062384919752714,1.8993925603980273,4.94770445878607,0.4964178041767927,2
307.2374358354162,122.49809906673427,61.56590338378521,149.10789103942108,0.4128950047821979,0.8215400151716201,2.060504200640789,1.9897068398901614,4.990382970914615,0.49024057196288434,2
294.3602917414457,118.73699539653714,58.47545569390516,138.67098530148812,0.42168486483868406,0.8562497420667201,2.1227244553103124,2.0305441657107597,5.033911890867514,0.47723973778976286,2
276.04288728808376,109.36147228632197,54.517622602706574,123.46404458000674,0.4415667961321181,0.885775876356083,2.2358160080297984,2.0059838831066825,5.063369862984072,0.4618050179278068,2
253.58745535928472,78.76123009590867,48.87743528364514,93.52455978863988,0.5226160421829874,0.8421448897904948,2.711453076415198,1.611402677715026,5.188231622376829,0.4284716663682528,3
280.08873419787705,89.81497636425381,51.50092556287428,104.4805407428631,0.49292361234637105,0.8596335329589968,2.680774163365052,1.7439487811651906,5.4385184564485956,0.4216812696166181,3
294.7999394914385,96.4671468458918,51.37746354953157,110.33225784672297,0.4656613084172242,0.8743331164300743,2.671928819774393,1.8776159853218628,5.737923188972344,0.4132975326650316,3
301.5121843953424,98.47277666385672,49.09617193386295,111.70311903941331,0.4395237335901056,0.881557986121333,2.699227980276512,2.0057119075700767,6.141256487400016,0.402013342070322,3
300.9431874762372,97.12557460311388,46.06426173678351,110.34635600283812,0.41745158975253094,0.8801883281095009,2.727259860475111,2.1084800003547346,6.533116479666194,0.39292361682086147,3
293.9139866003804,95.72354362185297,44.0926919983168,109.4233980055341,0.40295487804250796,0.8747995891793796,2.6860250363045357,2.170961655630079,6.665820871440562,0.3939971848099222,3
282.4354416457144,96.70757902566763,43.617498955160734,109.59827404052027,0.39797614822870875,0.882382317352126,2.5770062906400644,2.2171738715482996,6.475278234913494,0.40411075673862673,3
268.8707689394812,98.23285516878686,44.46516371845404,110.84253344432062,0.4011561477056113,0.886237909909665,2.4257003208478873,2.209209343988494,6.04677339415471,0.42306228259127876,3
254.8657924458782,99.65022038325395,45.938813713135836,112.42970043871401,0.40860033900185755,0.8863335932979185,2.266890256323389,2.169194463869226,5.547940224085529,0.44671752028357464,3
241.74356262313466,98.7155355610174,48.65791810987321,114.14685387242395,0.4262747194439161,0.8648117071307692,2.1178293962733217,2.02876611650565,4.968226591143083,0.47819186754186,3
233.80436003239976,96.31311073247784,52.2165365638423,115.04544092338747,0.45387749522916776,0.8371745108666748,2.032278360235915,1.8444944278278794,4.4775922613431085,0.5066741154283235,3
225.5219228549338,94.69270192319094,56.041475098800916,113.9112247751269,0.4919750025463501,0.8312850828364333,1.9798042142039867,1.6896896763735796,4.02419676600838,0.53074621432949,3
215.11169161872454,94.08880138411764,59.17116465180172,112.14066332821658,0.5276512809507629,0.8390248335586868,1.9182309541823321,1.5901123788553435,3.6354141900800756,0.5540477193820114,3
201.52754284525923,94.59818092085297,60.98282515681945,110.60091706425976,0.5513772107458031,0.8553109995090808,1.8221145736808908,1.5512266064681401,3.304660653668048,0.5794286968348638,3
191.44711732487843,94.74611742076591,61.45592175813391,109.30679279461903,0.5622333268308946,0.8667907547044056,1.751465873530808,1.5416922358377274,3.115193977210825,0.5966692913077387,3
189.04645494160857,94.14356043445098,60.61056287516669,107.84176712876464,0.5620323599000079,0.8729786514165907,1.7529984900551967,1.5532533599522698,3.1190348014250917,0.5948385213378256,3
194.52028683848337,93.38885834826443,58.42678800726333,107.15905160319778,0.5452342768356471,0.871497619203244,1.815248305470059,1.5983911067754535,3.329299683807735,0.5751322678654629,3
201.38772597025897,93.61676321513522,55.616349325766166,107.73231071763504,0.516245766523433,0.8689757287440303,1.8693345072500442,1.6832597671376477,3.621016632908684,0.5537158451197178,3
205.497708683613,94.84849065731714,53.646455832422525,108.93812588547709,0.4924488593536041,0.870663873518699,1.8863708826755996,1.7680290186102692,3.8305924500498976,0.54132391911291,3
205.99275323815033,96.7079145150708,53.293671190692535,109.0800000602095,0.4885741763960004,0.8865778736861971,1.888455749215689,1.8146228689901238,3.865238566528438,0.5364166272116662,3
203.09626143183579,102.10315034897329,53.52973703442026,108.71187966745225,0.4924000688624536,0.9392087659720819,1.8682066951018024,1.907409899722088,3.7940829281721014,0.5315921670858025,3
200.87791516343083,107.31639634474081,52.941340632606384,107.67175672419006,0.49169199280568926,0.9966995952303487,1.8656509494685398,2.02708120086111,3.794348854092124,0.5211423162576376,3
201.52461951545567,111.03005623538364,51.89196829595183,106.12765222065984,0.488958035065719,1.0461934652481595,1.898888888038785,2.1396385583632846,3.8835416372359286,0.5055743291537923,3
208.40107854947874,112.00326219482494,49.98869285347265,105.36839320790384,0.474418289314133,1.062968303728707,1.977832936469665,2.240571933399619,4.168964352805665,0.4848782188795565,3
221.19567258949738,111.65336718095085,47.310380894436065,105.06709307639476,0.4502873307824028,1.0626863646048264,2.1052802177430094,2.3600183526335092,4.675415171208463,0.45779754712802845,3
233.04451555565507,110.16839032951818,45.68829562173145,105.36200656122512,0.4336316013038562,1.0456178078337954,2.2118458366701144,2.4113044452705967,5.100748723154567,0.4401067080895046,3
237.36081460671812,107.07497660848216,45.47152028429348,106.7805389897604,0.42584089492799737,1.0027574089951914,2.2228845897610574,2.354770105310673,5.219988536180655,0.4420332124512815,3
232.85183953622928,103.4845594316348,45.50390410583796,107.97241492993305,0.421440088520452,0.9584351660448591,2.15658638076526,2.2741907857167396,5.117183769432992,0.45631789930186895,3
224.13754160213875,101.08080899694312,46.2681411827785,109.3227146104984,0.42322532282175246,0.9246093948277809,2.050237614394315,2.1846740848661215,4.844316972162374,0.47841966945181397,3
216.61042318035197,101.34084902549804,47.79824265678907,112.11674924648472,0.42632562019530484,0.9038867939588916,1.93200770300735,2.1201793913882314,4.531765419404713,0.5029544017667608,3
216.29313442621557,104.48751082678737,50.61278696369379,115.35952702196981,0.4387395499121175,0.9057553677979981,1.8749481729846493,2.0644488694475505,4.273487934607705,0.5174012723079335,3
226.88706314219306,109.11711928665856,53.393018451013944,117.3749367600962,0.4548928410512754,0.9296458196155123,1.9330111640948509,2.0436589361728883,4.249376973327576,0.5082316356203989,3
240.19433616552504,116.2528893710197,54.44928794125006,117.45432241247065,0.46357840923076105,0.9897710614920429,2.045002101515019,2.1350672114657363,4.411340262607125,0.4822694582485852,3
255.70446527114336,123.62565242856944,54.19742041467278,115.74727311936172,0.4682392850739812,1.0680653556398112,2.209161895394754,2.281024659157034,4.718019110775186,0.44801265600683726,3
277.3201424807519,128.64346850795343,54.2358795078124,112.71242291528308,0.48118812554120294,1.1413424108950656,2.4604221549668153,2.3719255532571015,5.113222925440074,0.41123957395220895,3
295.5323132677125,130.9747028275805,54.56793075328603,109.71895249147619,0.4973427973396418,1.1937290673437264,2.6935393253109274,2.4002138439103873,5.415860729700032,0.38519151396106494,3
303.19945450869864,129.7599232290067,55.85450875085785,108.6906419735221,0.5138851674504273,1.1938463226725373,2.789563563186612,2.3231772354817055,5.42837921753348,0.3800475499206404,3
300.7722942073632,125.36989607875965,57.91668433790358,108.59858963749643,0.5333097283420555,1.1544339249454902,2.7695782717928954,2.1646594157102204,5.193189106830874,0.3907505001173373,3
289.1789974284258,118.51081595855229,59.050976771873856,110.30325998629031,0.5353511471847101,1.0744090063456158,2.6216722648484563,2.006923889106595,4.897107774280926,0.4153997259612998,3
274.4278794689688,109.80177888979786,58.74603066347752,112.55102906882763,0.5219501869463399,0.9755733003796123,2.4382529572532796,1.8690927310270473,4.671428458562749,0.44581946241213893,3
260.01048850960007,102.57955220649139,57.02064224256506,113.68725399835265,0.5015570368459361,0.9022959795297526,2.2870680693313927,1.7989897723375217,4.559936161425872,0.4708013929554735,3
246.91822654550177,97.45485639822041,53.83849163562936,113.69367814639679,0.4735398881748257,0.8571704072475641,2.171785015412725,1.81013348326658,4.586276826189827,0.48648450787718633,3
236.17693051892635,93.60769013522507,50.277046511854316,112.85019628490711,0.4455202398135173,0.8294862855080777,2.0928357973136578,1.8618374910537805,4.697510034986653,0.4946478173335884,3
230.73371860675047,91.2112952908603,48.21359992627632,111.29134187260541,0.4332196837150743,0.8195722484438132,2.0732405120145834,1.8918167369856635,4.785656307754796,0.4954415658371078,3
230.78066952156772,89.69538719200223,46.51100677855676,110.66515193283558,0.42028593433626715,0.8105115804335566,2.0853960392304174,1.92847657800766,4.9618506565625635,0.4904458708185828,3
230.74139825906454,86.97009323586632,45.74095245265834,110.93606666647935,0.4123181380693346,0.7839658990014053,2.079949336519841,1.9013616589177922,5.044525439164843,0.49314243681248,3
230.18776097980194,83.77520407945507,46.22192438797488,111.08036640524816,0.4161124587881361,0.7541855216233513,2.0722632489347492,1.8124559976401602,4.98005576417947,0.5010218028853627,3
230.13389446627696,81.65604844368917,49.30708913266189,110.9264400791105,0.4445025829504406,0.7361279094997886,2.074653205332742,1.656071162992235,4.667359167098594,0.5139150022489409,3
230.56702858661666,82.22718906027035,53.17607549451544,110.14178159690567,0.4827965802217364,0.746557644774655,2.093365707760571,1.5463192478119456,4.335916602390059,0.522125563317767,3
229.60138153449168,86.00141569185882,57.064912025063755,109.45717903970872,0.5213446255942867,0.7857083148530564,2.097636569376571,1.5070804920208363,4.023512406952408,0.5276318604531972,3
232.63797369082806,90.37157852387922,59.95519459345286,109.322238719767,0.548426333887472,0.8266532005032822,2.128002284029003,1.5073185757577017,3.880197125008285,0.5240632425653458,3
242.2470044087449,93.56799563613598,60.82260218241177,109.79108586469151,0.5539848859621502,0.8522367266815344,2.2064360007086044,1.538375411093366,3.982845121986512,0.5080585680338912,3
253.51980336322714,93.74954314287007,59.758812665325024,110.2900552063034,0.5418331920638084,0.8500271667060695,2.298664216723846,1.568798625031386,4.242383542374691,0.48967428188667605,3
263.0079878081747,92.98721108563892,57.75441830756038,109.4426991778322,0.527713760181626,0.8496428887827873,2.4031569925081615,1.6100449768267577,4.553902463489022,0.4696611583665323,3
266.527194379317,93.03687917840485,56.30957161318975,107.75783579484388,0.5225566307808505,0.8633885275455446,2.4733903795798957,1.6522391578026536,4.733248482339486,0.4562953294656548,3
264.7644353973509,93.98226111079285,55.884618590983486,105.97039819864986,0.527360654871027,0.8868727749292372,2.4984754223630365,1.6817196480957302,4.737697815120606,0.4511679643744375,3
259.67757330755137,95.82034053933126,56.1721674503125,103.510876777782,0.5426692266446875,0.9257031098774204,2.5086984227273943,1.705833064463639,4.6228868333637125,0.4491813819669051,3
256.8406131288038,97.09742559009601,55.57706465110016,99.69040814323762,0.557496610619205,0.973989648538544,2.5763824014018373,1.7470772556926313,4.621341820428791,0.43868546414603476,3
250.085452887581,95.0289214659239,53.011234762987435,93.94011300850104,0.5643088246890892,1.0115904529231758,2.6621796044140345,1.7926185249371576,4.7175934310096705,0.4258047728286287,3
234.29333730302494,88.24382820324098,48.306294898617594,84.67957131001401,0.5704598423363181,1.0420911069587036,2.7668224304687516,1.8267562931175312,4.850161615473636,0.41231175948325893,3
